{
  "banco": "ICBC",
  "tipo_documento": "cuenta-corriente",
  "periodo": "2025-10",
  "columnas": [
    "fecha",
    "concepto",
    "f.valor",
    "comprobante",
    "origen",
    "canal",
    "debitos",
    "creditos",
    "saldos"
  ],
  "paginas_impares": {
    "fecha": [
      0.0,
      17.169811320754715
    ],
    "concepto": [
      17.169811320754715,
      35.91194968553459
    ],
    "f.valor": [
      35.91194968553459,
      40.06289308176101
    ],
    "comprobante": [
      40.06289308176101,
      49.49685534591195
    ],
    "origen": [
      49.49685534591195,
      53.0188679245283
    ],
    "canal": [
      53.0188679245283,
      56.91823899371069
    ],
    "debitos": [
      56.91823899371069,
      70.37735849056604
    ],
    "creditos": [
      70.37735849056604,
      82.32704402515724
    ],
    "saldos": [
      82.32704402515724,
      100.0
    ]
  },
  "paginas_pares": {
    "fecha": [
      0.0,
      6.981132075471698
    ],
    "concepto": [
      6.981132075471698,
      25.9748427672956
    ],
    "f.valor": [
      25.9748427672956,
      29.874213836477985
    ],
    "comprobante": [
      29.874213836477985,
      39.05660377358491
    ],
    "origen": [
      39.05660377358491,
      42.83018867924528
    ],
    "canal": [
      42.83018867924528,
      46.9811320754717
    ],
    "debitos": [
      46.9811320754717,
      59.93710691823899
    ],
    "creditos": [
      59.93710691823899,
      72.26415094339622
    ],
    "saldos": [
      72.26415094339622,
      100.0
    ]
  },
  "limites_y_impares": [
    41.16481413994169,
    80.13468780369291
  ],
  "limites_y_pares": [
    12.05888605442177,
    88.88104348882409
  ]
}