{
  "banco": "ICBC",
  "tipo_documento": "cuenta-corriente",
  "periodo": "2025-06",
  "columnas": [
    "fecha",
    "concepto",
    "f.valor",
    "comprobante",
    "origen",
    "canal",
    "debitos",
    "creditos",
    "saldos"
  ],
  "paginas_impares": {
    "fecha": [
      0.0,
      17.094861660079054
    ],
    "concepto": [
      17.094861660079054,
      35.573122529644266
    ],
    "f.valor": [
      35.573122529644266,
      40.21739130434783
    ],
    "comprobante": [
      40.21739130434783,
      49.209486166007906
    ],
    "origen": [
      49.209486166007906,
      52.86561264822134
    ],
    "canal": [
      52.86561264822134,
      57.70750988142292
    ],
    "debitos": [
      57.70750988142292,
      70.15810276679841
    ],
    "creditos": [
      70.15810276679841,
      82.6086956521739
    ],
    "saldos": [
      82.6086956521739,
      100.0
    ]
  },
  "paginas_pares": {
    "fecha": [
      0.0,
      6.719367588932807
    ],
    "concepto": [
      6.719367588932807,
      25.592885375494074
    ],
    "f.valor": [
      25.592885375494074,
      29.841897233201582
    ],
    "comprobante": [
      29.841897233201582,
      39.130434782608695
    ],
    "origen": [
      39.130434782608695,
      42.78656126482213
    ],
    "canal": [
      42.78656126482213,
      47.33201581027668
    ],
    "debitos": [
      47.33201581027668,
      60.079051383399204
    ],
    "creditos": [
      60.079051383399204,
      72.23320158102767
    ],
    "saldos": [
      72.23320158102767,
      100.0
    ]
  },
  "limites_y_impares": [
    42.07448899371069,
    77.4693177847659
  ],
  "limites_y_pares": [
    15.484691649196366,
    85.64541841369672
  ]
}