{
  "banco": "ICBC",
  "tipo_documento": "cuenta-corriente",
  "periodo": "2025-04",
  "columnas": [
    "fecha",
    "concepto",
    "f.valor",
    "comprobante",
    "origen",
    "canal",
    "debitos",
    "creditos",
    "saldos"
  ],
  "paginas_impares": {
    "fecha": [
      0.0,
      17.48878923766816
    ],
    "concepto": [
      17.48878923766816,
      36.65919282511211
    ],
    "f.valor": [
      36.65919282511211,
      41.143497757847534
    ],
    "comprobante": [
      41.143497757847534,
      50.784753363228695
    ],
    "origen": [
      50.784753363228695,
      54.48430493273543
    ],
    "canal": [
      54.48430493273543,
      58.744394618834086
    ],
    "debitos": [
      58.744394618834086,
      72.6457399103139
    ],
    "creditos": [
      72.6457399103139,
      85.08968609865471
    ],
    "saldos": [
      85.08968609865471,
      100.0
    ]
  },
  "paginas_pares": {
    "fecha": [
      0.0,
      7.062780269058296
    ],
    "concepto": [
      7.062780269058296,
      26.23318385650224
    ],
    "f.valor": [
      26.23318385650224,
      30.829596412556054
    ],
    "comprobante": [
      30.829596412556054,
      40.47085201793722
    ],
    "origen": [
      40.47085201793722,
      44.39461883408072
    ],
    "canal": [
      44.39461883408072,
      48.318385650224215
    ],
    "debitos": [
      48.318385650224215,
      61.77130044843049
    ],
    "creditos": [
      61.77130044843049,
      74.77578475336323
    ],
    "saldos": [
      74.77578475336323,
      100.0
    ]
  },
  "limites_y_impares": [
    38.91392630744849,
    75.76020206022187
  ],
  "limites_y_pares": [
    11.576366877971473,
    83.76337163232964
  ]
}