{
  "banco": "ICBC",
  "tipo_documento": "Visa",
  "periodo": "2026-03",
  "columnas": [
    "fecha",
    "concepto",
    "f.valor",
    "comprobante",
    "origen",
    "canal",
    "debitos",
    "creditos",
    "saldos"
  ],
  "paginas_impares": {
    "fecha": [
      0.0,
      17.292490118577074
    ],
    "concepto": [
      17.292490118577074,
      35.96837944664031
    ],
    "f.valor": [
      35.96837944664031,
      40.019762845849804
    ],
    "comprobante": [
      40.019762845849804,
      49.50592885375494
    ],
    "origen": [
      49.50592885375494,
      52.86561264822134
    ],
    "canal": [
      52.86561264822134,
      57.21343873517787
    ],
    "debitos": [
      57.21343873517787,
      69.76284584980237
    ],
    "creditos": [
      69.76284584980237,
      82.31225296442688
    ],
    "saldos": [
      82.31225296442688,
      100.0
    ]
  },
  "paginas_pares": {
    "fecha": [
      0.0,
      6.91699604743083
    ],
    "concepto": [
      6.91699604743083,
      25.494071146245062
    ],
    "f.valor": [
      25.494071146245062,
      29.64426877470356
    ],
    "comprobante": [
      29.64426877470356,
      38.93280632411067
    ],
    "origen": [
      38.93280632411067,
      42.490118577075094
    ],
    "canal": [
      42.490118577075094,
      46.34387351778656
    ],
    "debitos": [
      46.34387351778656,
      59.683794466403164
    ],
    "creditos": [
      59.683794466403164,
      72.4308300395257
    ],
    "saldos": [
      72.4308300395257,
      100.0
    ]
  },
  "limites_y_impares": [
    41.93472658979734,
    77.64402078965759
  ],
  "limites_y_pares": [
    15.379869846261357,
    85.47071540880503
  ]
}